id_przychodni,nazwa,adres,telefon,id_miejscowosc
1,Przychodnia Mysior,al. Kalinowa 11/01,391439544,2045
2,Przychodnia Czuj,pl. Szpitalna 32/53,198180151,6466
3,Przychodnia Mydlak,aleja Lelewela 80/37,584552225,9794
4,Przychodnia Macias,ul. Grabowa 49,24047763,8917
5,Przychodnia Piaścik,al. Cisowa 973,415100894,5749
6,Przychodnia Kawulok,pl. Piłsudskiego 83/71,244842992,5732
7,Przychodnia Golan,al. Wojska Polskiego 402,286737701,7802
8,Przychodnia Hirsch,aleja Tulipanowa 564,41647535,6137
9,Przychodnia Łuksza,aleja Bursztynowa 37/05,274806090,2738
10,Przychodnia Kanik,aleja Cicha 24,11921578,7687
11,Przychodnia Makieła,pl. Młyńska 88,917027062,5544
12,Przychodnia Roczniak,ulica Szarych Szeregów 31,296273497,3215
13,Przychodnia Miotke,plac Wypoczynkowa 492,327285724,1271
14,Przychodnia Kawala,ul. Dąbrowskiej 37,891063219,1203
15,Przychodnia Albin,plac Parkowa 98/10,499642303,3420
16,Przychodnia Szpyrka,ul. Łabędzia 774,88632186,5703
17,Przychodnia Miękina,plac Niepodległości 775,332324059,9331
18,Przychodnia Nestorowicz,plac Morcinka 198,470304088,667
19,Przychodnia Skup,pl. Piastowska 891,309919394,1819
20,Przychodnia Salach,plac Targowa 88/96,263900360,369
21,Przychodnia Żach,pl. Cicha 65/16,992659030,4283
22,Przychodnia Paszkowiak,plac Cyprysowa 70/41,159891510,8731
23,Przychodnia Drewniok,pl. Błękitna 15,977658751,5072
24,Przychodnia Lada,aleja Kwiatowa 03/47,874426077,9463
25,Przychodnia Ziarek,aleja Wiązowa 11,247807902,1570
26,Przychodnia Kurzydło,aleja Kościelna 36/12,299906653,5391
27,Przychodnia Demiańczuk,plac Krucza 408,810740847,1840
28,Przychodnia Hermann,pl. Okulickiego 89/55,661904390,8161
29,Przychodnia Szram,aleja Strzelecka 24/77,579526768,9997
30,Przychodnia Łuszczak,ul. Młynarska 773,376302718,551
31,Przychodnia Deryło,pl. Letnia 034,735149662,4998
32,Przychodnia Kalka,ulica Bałtycka 83/44,58444692,9758
33,Przychodnia Kupaj,pl. Słowackiego 33/31,869957271,572
34,Przychodnia Towarek,plac Mickiewicza 632,488961278,8578
35,Przychodnia Miętka,ulica Mazurska 086,310813412,4750
36,Przychodnia Sadlik,al. Grzybowa 25/59,372790574,26
37,Przychodnia Kucab,ul. Klasztorna 04,235595648,3492
38,Przychodnia Słupek,ulica Popiełuszki 882,658255578,5324
39,Przychodnia Gregorek,pl. Jana III Sobieskiego 07,757895744,35
40,Przychodnia Szczot,pl. Myśliwska 86,820190553,804
41,Przychodnia Kenig,ul. Rataja 417,212538163,8240
42,Przychodnia Jędrys,aleja Hallera 92,217561796,7556
43,Przychodnia Thiel,aleja Browarna 33/22,542889576,3731
44,Przychodnia Witaszek,pl. Ceglana 57/37,565215326,278
45,Przychodnia Wajer,plac Glówna 71,9265622,8616
46,Przychodnia Nazarko,pl. Skargi 12/44,985841281,545
47,Przychodnia Loska,ul. Orla 29/06,91681679,3774
48,Przychodnia Makurat,aleja Jagodowa 24,858568952,3378
49,Przychodnia Sarosiek,plac Wiejska 47,210672658,9661
50,Przychodnia Srokosz,ulica Ciasna 15,833775509,5123
51,Przychodnia Wrochna,ul. Fabryczna 55/57,412683115,2200
52,Przychodnia Grochola,plac Swierkowa 33/43,376948339,7265
53,Przychodnia Kiwior,al. Kruczkowskiego 34,352381981,5514
54,Przychodnia Skrzecz,pl. Kwiatowa 001,538907287,7261
55,Przychodnia Tarasek,ulica Porzeczkowa 31/44,536171891,3442
56,Przychodnia Kuncewicz,plac Kolorowa 67,94357955,5203
57,Przychodnia Łuc,plac Cisowa 178,733509794,5480
58,Przychodnia Pabisiak,aleja Słowackiego 709,748504237,7932
59,Przychodnia Kłysz,aleja Bydgoska 03/95,452433147,3648
60,Przychodnia Brojek,ul. Głowackiego 44/62,318992701,8326
61,Przychodnia Kucewicz,pl. Mazowiecka 61/87,306363153,55
62,Przychodnia Holewa,aleja Kraszewskiego 339,252919336,7811
63,Przychodnia Hutyra,pl. Lwowska 873,968882686,2828
64,Przychodnia Grzejszczak,ul. Topolowa 60,125017328,7201
65,Przychodnia Duchnik,al. Zakole 73,204200289,338
66,Przychodnia Wereda,ul. Stroma 50/89,865345583,766
67,Przychodnia Bełza,aleja Lisia 90/49,690261421,8303
68,Przychodnia Rzeszutko,aleja Składowa 01,748122466,1408
69,Przychodnia Szeszko,ulica Myśliwska 864,384592349,7355
70,Przychodnia Franik,ul. Szczęśliwa 788,603152634,9572
71,Przychodnia Mysiak,ulica Kaliska 447,82059128,7125
72,Przychodnia Gorol,al. Koralowa 38,280238431,2072
73,Przychodnia Luks,ul. Dolna 600,489761321,7604
74,Przychodnia Opalach,al. Spacerowa 615,933021019,5227
75,Przychodnia Łodyga,ul. Jana Pawła II 57/49,673509186,4530
76,Przychodnia Kupaj,aleja Promienna 393,148401815,9732
77,Przychodnia Szrama,aleja Chopina 579,331938337,2023
78,Przychodnia Glica,pl. Morska 15,369911402,1675
79,Przychodnia Makosz,aleja Hutnicza 55/47,450882769,9516
80,Przychodnia Gmurczyk,al. Mazowiecka 906,994400943,6933
81,Przychodnia Cieloch,aleja Kielecka 96/41,181901729,3822
82,Przychodnia Dzidek,aleja Cmentarna 729,399494124,8112
83,Przychodnia Kopyt,ulica Krakowska 83/40,186282833,8777
84,Przychodnia Piekart,plac Popiełuszki 509,638405237,9491
85,Przychodnia Galik,al. Lawendowa 05,653069728,2130
86,Przychodnia Świgoń,aleja Poniatowskiego 651,894505136,5719
87,Przychodnia Brzykcy,ul. Jana Pawła II 944,60883792,6033
88,Przychodnia Kijas,pl. Brzozowa 57/65,126579474,9223
89,Przychodnia Michnik,aleja Diamentowa 78,875272963,2755
90,Przychodnia Lamch,ul. Młyńska 29,698597261,8134
91,Przychodnia Sinkiewicz,pl. Sowia 050,4563180,3687
92,Przychodnia Grubba,al. Pułaskiego 219,672429125,6234
93,Przychodnia Zeman,ulica Górnicza 83,675377852,483
94,Przychodnia Namysło,ul. Sowia 57,654494391,5197
95,Przychodnia Jenek,ulica Lotnicza 91/81,81512643,1182
96,Przychodnia Piotrak,al. Śląska 751,682065915,343
97,Przychodnia Byra,al. Źródlana 658,380470898,6301
98,Przychodnia Buszkiewicz,plac Słowackiego 07/72,491289904,162
99,Przychodnia Romejko,pl. Kusocińskiego 705,413334594,7835
100,Przychodnia Kopyto,al. Okulickiego 369,171376667,8279
101,Przychodnia Dzikiewicz,ul. Piękna 59/37,528920797,2649
102,Przychodnia Puc,pl. Kazimierza Wielkiego 44,586092497,4427
103,Przychodnia Komander,pl. Kreta 06/08,731528116,8746
104,Przychodnia Łasak,aleja Łanowa 40,336584878,7105
105,Przychodnia Jędruch,al. Krokusowa 16,394989214,7694
106,Przychodnia Hyży,plac Wiatraczna 58/64,943718927,4639
107,Przychodnia Drewnik,pl. Szymanowskiego 19/07,865524650,9344
108,Przychodnia Folga,plac Wrocławska 24/73,318829592,3683
109,Przychodnia Flisiak,aleja Kaszubska 88,960807231,9423
110,Przychodnia Wylegała,pl. Towarowa 48,101843999,8042
111,Przychodnia Kunert,pl. Gałczynskiego 374,645952979,8929
112,Przychodnia Hampel,ulica Północna 95,53890187,9934
113,Przychodnia Hadaś,pl. Urocza 72/63,927104035,8924
114,Przychodnia Nagórka,aleja Jesienna 51/18,413439124,5003
115,Przychodnia Walasik,al. Ludowa 54/92,78531272,6144
116,Przychodnia Brachaczek,ul. Krasińskiego 10/34,130350510,7358
117,Przychodnia Haremza,plac Łanowa 23,247909439,7789
118,Przychodnia Kazberuk,aleja Bukowa 481,393582689,1548
119,Przychodnia Pietraś,plac Lubelska 783,783553164,920
120,Przychodnia Cis,ul. Wiosenna 96,945747009,3099
121,Przychodnia Durczok,aleja Łanowa 200,921293378,7493
122,Przychodnia Kustosz,pl. Ciasna 814,743669435,4686
123,Przychodnia Tylek,plac Orla 86/44,598078176,6418
124,Przychodnia Osik,aleja Borowa 61/78,443085212,2367
125,Przychodnia Pyziak,plac Pałacowa 017,420078984,9240
126,Przychodnia Niedźwiadek,pl. Baczynskiego 33/36,585416265,8934
127,Przychodnia Tytko,al. Pałacowa 75,736936292,1038
128,Przychodnia Odrzywołek,aleja Myśliwska 62,693976757,8716
129,Przychodnia Janoszek,plac Dojazdowa 49,306764663,6524
130,Przychodnia Draus,al. Wczasowa 01,611478438,8934
131,Przychodnia Jędrasiak,plac Poprzeczna 79,155448916,6121
132,Przychodnia Albin,pl. Nadbrzeżna 653,632080218,7577
133,Przychodnia Kozdroń,ul. Wróblewskiego 398,592855961,1082
134,Przychodnia Wilkos,ulica Rynek 71/21,991731778,7642
135,Przychodnia Szalast,plac Łanowa 93/75,683514357,9009
136,Przychodnia Stoltman,ul. Mazurska 72/11,595313165,4635
137,Przychodnia Pawełkiewicz,plac Glówna 04,675849359,7081
138,Przychodnia Noculak,aleja Fredry 837,236740340,4999
139,Przychodnia Doroba,aleja Broniewskiego 83,575641218,6895
140,Przychodnia Czesak,aleja Bankowa 74,428657906,2807
141,Przychodnia Ignatiuk,pl. Wiślana 09/53,683087970,1883
142,Przychodnia Hak,al. Jastrzębia 91,152722408,9558
143,Przychodnia Kempny,ul. Makuszyńskiego 80,688986421,426
144,Przychodnia Kapciak,al. Sikorskiego 35/24,977174730,7067
145,Przychodnia Budzyń,ulica Kreta 58/88,968719395,5671
146,Przychodnia Uroda,ul. Klasztorna 10,673897893,5021
147,Przychodnia Kapustka,al. Piękna 078,716687983,2450
148,Przychodnia Mendyka,aleja Solidarnosci 561,71850626,4338
149,Przychodnia Polakiewicz,al. Staszica 80,344823612,5494
150,Przychodnia Lemieszek,pl. Jabłoniowa 24,794490199,1489
151,Przychodnia Jędruszczak,al. Lawendowa 73,180195778,2947
152,Przychodnia Szatko,aleja Lotnicza 22/30,449386291,7633
153,Przychodnia Siwczak,ulica Bursztynowa 51,710191550,9702
154,Przychodnia Duras,ulica Jana Sobieskiego 564,544442603,4679
155,Przychodnia Laskus,al. Glówna 46/49,217664662,9982
156,Przychodnia Furgał,aleja Szeroka 84,456595138,5239
157,Przychodnia Łasica,ul. Rózana 15,256146853,6504
158,Przychodnia Smoczyk,ul. Pałacowa 62,368962614,6058
159,Przychodnia Tadych,ul. Kreta 151,905495280,7778
160,Przychodnia Opoka,al. Prosta 66,69325245,5517
161,Przychodnia Szwiec,plac Fabryczna 73,480811114,4308
162,Przychodnia Szwałek,plac Drzymały 240,511196788,3009
163,Przychodnia Albin,aleja Jabłoniowa 12,288526295,3683
164,Przychodnia Golak,al. Azaliowa 35/47,246089468,1607
165,Przychodnia Korkosz,ulica Wczasowa 54/94,198693444,6061
166,Przychodnia Giersz,al. Maja 818,621548102,4823
167,Przychodnia Stróż,ulica Toruńska 52,560444737,938
168,Przychodnia Capiga,al. Łabędzia 055,913698657,2699
169,Przychodnia Stanisławek,pl. Fabryczna 79,149507945,1132
170,Przychodnia Polaszek,aleja Grabowa 44,608742460,3578
171,Przychodnia Miodek,ulica Odrzańska 65/13,910791720,1211
172,Przychodnia Welc,ul. Sosnowa 16/46,4307707,2790
173,Przychodnia Puc,ul. Dolna 04/74,154048602,8748
174,Przychodnia Goral,ulica Willowa 302,15265773,130
175,Przychodnia Picheta,aleja Kopernika 956,116936804,1274
176,Przychodnia Glica,al. Tulipanowa 51/78,922751611,7932
177,Przychodnia Liedtke,ulica Orla 020,75721854,1113
178,Przychodnia Krężołek,ulica Jagodowa 85/75,267092610,7755
179,Przychodnia Dąbrówka,ulica Łączna 998,762589508,8376
180,Przychodnia Minkina,aleja Bursztynowa 22/27,41336659,3413
181,Przychodnia Palonek,pl. Zaułek 64/09,524635275,4795
182,Przychodnia Skocz,plac Starowiejska 93/54,289959181,3288
183,Przychodnia Fiołek,plac Chełmońskiego 95/48,188828419,8265
184,Przychodnia Zawalich,ulica Rataja 62/77,944322465,8713
185,Przychodnia Jacak,pl. Wyszyńskiego 87,347060176,6179
186,Przychodnia Matyjaszek,ulica Śląska 880,581177337,5831
187,Przychodnia Bryndza,aleja Szczęśliwa 00/74,558163482,1539
188,Przychodnia Składanek,aleja Bankowa 73/28,527091785,4825
189,Przychodnia Skwira,ulica Krokusowa 84,811055669,4112
190,Przychodnia Klęk,pl. Solidarnosci 974,878846975,2983
191,Przychodnia Sapała,aleja Traugutta 81,929574558,3560
192,Przychodnia Migała,pl. Cedrowa 67/82,51102089,5448
193,Przychodnia Delikat,al. Jabłoniowa 66/06,310031949,376
194,Przychodnia Pruchnik,ulica Grunwaldzka 24/64,486390673,2283
195,Przychodnia Pietrusiak,plac Cegielniana 32,100944433,747
196,Przychodnia Foit,al. Dąbrowskiej 351,598910076,3984
197,Przychodnia Głowienka,pl. Mazowiecka 673,755078977,1859
198,Przychodnia Jakimiak,ulica Kilińskiego 58,928812813,2441
199,Przychodnia Famuła,plac Harcerska 36,963907497,7283
200,Przychodnia Dziewior,pl. Ściegiennego 16/81,953764033,9452
201,Przychodnia Wyskiel,aleja Młyńska 95/44,191980835,476
202,Przychodnia Plewnia,plac Skłodowskiej-Curie 377,849884732,8131
203,Przychodnia Franaszek,al. Wyspiańskiego 32,211800815,1561
204,Przychodnia Loba,ul. Diamentowa 134,173057879,5403
205,Przychodnia Fiutak,pl. Myśliwska 27,486935474,5654
206,Przychodnia Gamrat,ulica Tuwima 747,835281545,5993
207,Przychodnia Żal,pl. Parkowa 85/30,163613362,6429
208,Przychodnia Mazek,al. Rzeczna 948,679972855,4058
209,Przychodnia Gągała,ulica Kopernika 45,550132185,46
210,Przychodnia Skotarek,pl. Nowa 39,239106331,5065
211,Przychodnia Karwot,ul. Warszawska 48,587985821,2203
212,Przychodnia Bogusiewicz,pl. Sarnia 185,994085707,3779
213,Przychodnia Nawój,ulica Poznańska 07,662284282,6712
214,Przychodnia Lula,al. Sikorskiego 04,781868360,3915
215,Przychodnia Więcławek,al. Willowa 62,547050507,9629
216,Przychodnia Fal,ul. Hallera 21,159720004,4837
217,Przychodnia Zagozda,ul. Narcyzowa 945,848002332,4058
218,Przychodnia Kapka,al. Korczaka 91/58,805490853,6354
219,Przychodnia Kluczek,aleja Dąbrowskiej 51,127603745,3613
220,Przychodnia Szwiec,ulica Wąska 21,41692413,4847
221,Przychodnia Salach,plac Kaliska 89,419105140,4003
222,Przychodnia Cyrek,ul. Szczęśliwa 97/79,963913910,6391
223,Przychodnia Straszak,plac Grabowa 272,207977828,2570
224,Przychodnia Prucnal,al. Gołębia 45,149805626,9949
225,Przychodnia Piotrak,al. Mickiewicza 08/01,423020019,910
226,Przychodnia Kinder,aleja Zaciszna 26/64,866996498,5325
227,Przychodnia Handzel,ul. Wierzbowa 23/52,641723948,9554
228,Przychodnia Dyszkiewicz,ulica Miła 16,421590673,3548
229,Przychodnia Frukacz,ulica Kaliska 77/91,254323631,9593
230,Przychodnia Wrześniak,aleja Korfantego 83/60,902820115,7065
231,Przychodnia Łapot,al. Młyńska 87,605781108,9275
232,Przychodnia Sornat,aleja Lelewela 20/37,809613195,4185
233,Przychodnia Przekop,plac Piaskowa 07/12,29025441,2690
234,Przychodnia Wójt,ul. Staszica 37,358517417,5438
235,Przychodnia Szeszko,pl. Odrzańska 782,507910840,2063
236,Przychodnia Długozima,aleja Mostowa 204,621578101,8995
237,Przychodnia Fitrzyk,al. Kochanowskiego 90,229704158,6512
238,Przychodnia Tabisz,plac Jana Pawła II 53/35,600225606,8322
239,Przychodnia Krzempek,pl. Rubinowa 59/79,491950977,4018
240,Przychodnia Leszcz,ul. Armii Krajowej 55,951316758,74
241,Przychodnia Gregorek,al. Jana III Sobieskiego 514,471576757,4582
242,Przychodnia Czubaj,ulica Koralowa 181,808490762,1716
243,Przychodnia Sowała,ul. Pszenna 691,321415261,3442
244,Przychodnia Staręga,ulica Kalinowa 738,356548621,3948
245,Przychodnia Pastucha,pl. Kowalska 99/88,70552281,3946
246,Przychodnia Szwaja,aleja Bydgoska 27,9776648,1451
247,Przychodnia Bulanda,ulica Sadowa 16,345116823,7342
248,Przychodnia Heczko,pl. Orzeszkowej 49/17,8555069,6827
249,Przychodnia Rubin,aleja Armii Krajowej 784,317452013,1680
250,Przychodnia Buchholz,ul. Szymanowskiego 852,265108557,4395
251,Przychodnia Foit,plac Wiosenna 56,367741697,4168
252,Przychodnia Hudzik,ulica Słowackiego 24,427307447,4355
253,Przychodnia Żybura,pl. Powstańców 28,604812108,4721
254,Przychodnia Drożdżal,plac Sarnia 16,265051204,5059
255,Przychodnia Wawrzynkiewicz,plac Jana Pawła II 95/68,964946809,484
256,Przychodnia Muzyk,ulica Poniatowskiego 62,744707124,3466
257,Przychodnia Gumieniak,aleja Księżycowa 582,653583403,4116
258,Przychodnia Matacz,pl. Toruńska 08,618620633,6325
259,Przychodnia Potoczek,ulica Wróblewskiego 91/02,150938963,8680
260,Przychodnia Ferdyn,al. Plażowa 324,344335267,366
261,Przychodnia Wandzel,al. Bolesława Chrobrego 00,200606285,4813
262,Przychodnia Kargol,plac Piaskowa 59,102183742,524
263,Przychodnia Węgier,aleja Głowackiego 764,591843149,2883
264,Przychodnia Siedlaczek,aleja Wczasowa 788,918643266,9460
265,Przychodnia Prażmo,al. Batalionów Chłopskich 636,261219768,1764
266,Przychodnia Domka,ulica Liliowa 28/28,759983125,4047
267,Przychodnia Czosnyka,ul. Wiosenna 27/21,589603257,4739
268,Przychodnia Pakos,aleja Sawickiej 514,367238304,1573
269,Przychodnia Bogdał,aleja Wspólna 007,414743836,2904
270,Przychodnia Samoraj,ulica Fiołkowa 79/14,822006578,7894
271,Przychodnia Breś,pl. Leszczynowa 50/88,649890996,9729
272,Przychodnia Tałaj,al. Gdańska 50/80,776056482,1362
273,Przychodnia Wylegała,plac Paderewskiego 89,410868613,3724
274,Przychodnia Kiwior,plac Słowackiego 08,875973802,6273
275,Przychodnia Magier,pl. Konarskiego 58,784720799,3623
276,Przychodnia Sobiło,ulica Storczykowa 27/69,762355645,8228
277,Przychodnia Chorążewicz,ul. Niepodległości 99/75,176791863,569
278,Przychodnia Tytko,ulica Kosynierów 33,227953921,5653
279,Przychodnia Beker,pl. Swierkowa 932,247383437,9441
280,Przychodnia Latoszek,aleja Cedrowa 77/44,646183738,6734
281,Przychodnia Minta,ul. Dobra 63,179256580,1972
282,Przychodnia Kucharzyk,aleja Graniczna 458,1371002,8985
283,Przychodnia Tylka,plac Grunwaldzka 49,38075134,5293
284,Przychodnia Chabior,pl. Grzybowa 146,933862463,493
285,Przychodnia Duczek,pl. Mokra 227,676311194,8792
286,Przychodnia Kubasiewicz,pl. Tęczowa 26/63,144447717,3330
287,Przychodnia Kujawiak,aleja Moniuszki 730,485171187,9445
288,Przychodnia Prażuch,al. Plażowa 82/54,341521414,3225
289,Przychodnia Krenc,pl. Handlowa 20/09,960297785,2329
290,Przychodnia Mich,pl. Rzemieślnicza 98,171359924,200
291,Przychodnia Fraś,al. Poziomkowa 56/16,211228413,2225
292,Przychodnia Trawka,ul. Górna 13,189918517,4891
293,Przychodnia Przybycień,ul. Spółdzielcza 45,524664442,1382
294,Przychodnia Janoszka,pl. Promienna 98,143759620,5267
295,Przychodnia Zioła,ulica Górnicza 858,671688931,9161
296,Przychodnia Turlej,ul. Sowia 22/08,116740309,9783
297,Przychodnia Dyja,aleja Sybiraków 135,306389660,4286
298,Przychodnia Pałęga,ulica Dworska 27/47,759600355,1162
299,Przychodnia Stein,al. Zamkowa 83,964259436,7071
300,Przychodnia Suchoń,plac Sportowa 095,220929781,9194
301,Przychodnia Broniarek,aleja Miłosza 74,985810375,7593
302,Przychodnia Łepek,ulica Swierkowa 12/70,737583482,8072
303,Przychodnia Roj,ulica Łanowa 89,476847386,9774
304,Przychodnia Picheta,ulica Jana 51,663399110,5377
305,Przychodnia Mamcarz,aleja Wybickiego 60,522178694,7776
306,Przychodnia Malon,aleja Bukowa 77,667838088,5535
307,Przychodnia Gruszczyk,plac Królewska 49/56,375676783,2991
308,Przychodnia Garbacik,plac Powstańców Śląskich 243,825257705,892
309,Przychodnia Danisz,plac Makowa 46/04,431783736,8981
310,Przychodnia Bulanda,pl. Azaliowa 39/34,786532306,5606
311,Przychodnia Łaszcz,plac Rzeczna 693,254796159,2277
312,Przychodnia Pianka,al. Srebrna 82,184468260,326
313,Przychodnia Rychel,plac Czereśniowa 17/14,175442912,132
314,Przychodnia Hornik,ul. Stolarska 33/73,163885607,6145
315,Przychodnia Smagała,ulica Parkowa 937,947538200,6341
316,Przychodnia Baka,plac Dworcowa 18/14,418991448,9880
317,Przychodnia Trybała,ulica Wybickiego 87/72,394505229,2342
318,Przychodnia Gwardiak,ul. Łączna 185,695703426,1709
319,Przychodnia Dziechciarz,plac Złota 013,253368288,2555
320,Przychodnia Woda,al. Storczykowa 36,901060636,3318
321,Przychodnia Zbroszczyk,ulica Lelewela 30/99,478239513,1801
322,Przychodnia Kubów,plac Południowa 20/05,34808387,4378
323,Przychodnia Darul,ul. Okulickiego 74,310468266,124
324,Przychodnia Zapiór,ulica Cegielniana 82,81493324,5273
325,Przychodnia Nasiadka,aleja Dojazdowa 99,219539395,7802
326,Przychodnia Turczyk,ulica Rzemieślnicza 648,78717858,9316
327,Przychodnia Śledzik,al. Wrocławska 923,692503567,9856
328,Przychodnia Małota,plac Miła 041,337002550,7317
329,Przychodnia Ochnik,aleja Nałkowskiej 21,942116202,288
330,Przychodnia Bździuch,ulica Jodłowa 06,60140117,5676
331,Przychodnia Bryndza,pl. Szafirowa 917,545018580,7192
332,Przychodnia Zbróg,aleja Średnia 295,966040434,5085
333,Przychodnia Gortat,aleja Okrzei 958,927032960,913
334,Przychodnia Kossak,plac Kaszubska 44/70,908452956,2907
335,Przychodnia Krzempek,al. Polna 10/59,987611260,6045
336,Przychodnia Lesiewicz,ulica Zaciszna 57/97,34248950,8696
337,Przychodnia Ciećko,ulica Krasickiego 343,190237415,5655
338,Przychodnia Cuch,ul. Fabryczna 35,944998194,4212
339,Przychodnia Rozmiarek,ul. Cedrowa 85,966652831,7681
340,Przychodnia Sypień,pl. Mostowa 96/93,743389251,5049
341,Przychodnia Liśkiewicz,ul. Borówkowa 31/96,229770195,8661
342,Przychodnia Kohut,pl. Urocza 260,2942090,3624
343,Przychodnia Kusztal,al. Listopada 106,304364056,6228
344,Przychodnia Szczechowicz,ulica Jana III Sobieskiego 500,325230570,6173
345,Przychodnia Miecznik,pl. Makowa 66/78,812125402,7101
346,Przychodnia Aleksa,al. Szymanowskiego 055,73957471,9560
347,Przychodnia Kościesza,al. Kowalska 292,127571749,5824
348,Przychodnia Szczepaniec,al. Szymanowskiego 16/07,460428828,1321
349,Przychodnia Zinkiewicz,aleja Dobra 52/34,100795430,2999
350,Przychodnia Mały,pl. Korczaka 93/34,122520560,1266
351,Przychodnia Salach,aleja Lwowska 419,396851164,4370
352,Przychodnia Oleksiuk,ulica Hutnicza 231,658647068,9695
353,Przychodnia Adamaszek,pl. Willowa 65/42,551299689,6213
354,Przychodnia Midura,plac Strzelecka 76/55,635882407,9803
355,Przychodnia Grzeszkowiak,pl. Myśliwska 309,671408741,8176
356,Przychodnia Strzyż,pl. Wyspiańskiego 63/63,608490967,9613
357,Przychodnia Baum,pl. Władysława Jagiełły 176,74426259,2212
358,Przychodnia Symonowicz,pl. Pszenna 14,918127140,3411
359,Przychodnia Niechciał,aleja Grabowa 36,453765430,5427
360,Przychodnia Pytko,ulica Reja 375,275780183,5349
361,Przychodnia Jargiło,ulica Lubelska 80,795297100,1507
362,Przychodnia Miozga,al. Diamentowa 27,558389334,5617
363,Przychodnia Kosiec,ulica Bolesława Chrobrego 80,753805881,1764
364,Przychodnia Pułka,aleja Kosynierów 496,172306440,5430
365,Przychodnia Damian,ul. Bydgoska 136,329718813,264
366,Przychodnia Oślizło,ulica Daleka 17,91825834,1636
367,Przychodnia Stempel,ulica Powstańców Wielkopolskich 49/56,604013253,4270
368,Przychodnia Kuryś,al. Rzeczna 12/69,904702794,8638
369,Przychodnia Dyś,al. Wiśniowa 92/84,401447908,7488
370,Przychodnia Jędrys,pl. Zbożowa 869,408600272,3937
371,Przychodnia Skup,aleja Miodowa 14,791715593,7627
372,Przychodnia Błażejak,pl. Cisowa 99/37,175428603,5995
373,Przychodnia Kościołek,plac Sokola 842,341351585,3684
374,Przychodnia Roskosz,plac Wąska 195,894423,7147
375,Przychodnia Szajner,plac Bolesława Krzywoustego 91,248234634,4055
376,Przychodnia Słobodzian,pl. Pszenna 97/47,549768198,9698
377,Przychodnia Nyk,aleja Klasztorna 50/72,949180501,6055
378,Przychodnia Fojt,pl. Kolorowa 20/19,518847931,489
379,Przychodnia Drobot,ulica Browarna 69/39,888271493,2287
380,Przychodnia Podeszwa,al. Listopada 39/89,670240904,2388
381,Przychodnia Portka,al. Koralowa 20,365435736,6918
382,Przychodnia Guściora,aleja Lwowska 62,225529019,7353
383,Przychodnia Sądej,pl. Rybacka 209,967002304,5284
384,Przychodnia Kozubal,aleja Osiedlowa 83,850326777,3639
385,Przychodnia Kontny,ul. Glówna 55/15,573161250,3277
386,Przychodnia Krzeszowiec,ul. Przechodnia 63,775703991,671
387,Przychodnia Friedrich,pl. Sikorskiego 71,767046672,1257
388,Przychodnia Prucnal,al. Moniuszki 073,772312796,4307
389,Przychodnia Gomuła,ul. Słowicza 29/72,805755401,8072
390,Przychodnia Duc,ulica Armii Krajowej 46/38,130919170,7975
391,Przychodnia Zach,al. Tylna 208,199143278,661
392,Przychodnia Ficner,ulica Stolarska 58,781185336,163
393,Przychodnia Rybus,plac Szczęśliwa 75/31,36159347,8096
394,Przychodnia Kuzior,pl. Ptasia 32,400591026,5761
395,Przychodnia Protasiuk,al. Krzywa 53,118411471,9263
396,Przychodnia Kusek,ulica Browarna 432,836507500,1252
397,Przychodnia Perka,plac Stefana Batorego 66,858495856,1205
398,Przychodnia Banachowicz,al. Leśna 971,956616916,5837
399,Przychodnia Pizoń,aleja Piekarska 89/46,295051077,8155
400,Przychodnia Moroń,al. Piekarska 81/96,497947778,9192
401,Przychodnia Aleksa,aleja Zacisze 404,506992219,3765
402,Przychodnia Bugiel,plac Pocztowa 46,395852055,6632
403,Przychodnia Kobak,ul. Mazurska 16,391863525,925
404,Przychodnia Kleina,plac Łabędzia 378,714506719,1100
405,Przychodnia Dubis,pl. Mieszka I 02/48,305422607,9113
406,Przychodnia Florian,pl. Jarzębinowa 45,651422745,6862
407,Przychodnia Monkiewicz,plac Zapolskiej 32,657750354,2620
408,Przychodnia Fedorczyk,pl. Stroma 087,808137900,9695
409,Przychodnia Wojczuk,ulica Jagiellońska 23,737302291,6285
410,Przychodnia Kuchciak,ulica Bema 920,629187966,7837
411,Przychodnia Machoń,aleja Swierkowa 46,357351880,2268
412,Przychodnia Osojca,plac Krakowska 44/76,698946576,5099
413,Przychodnia Hanke,ul. Torowa 20/89,284759028,1509
414,Przychodnia Wiza,plac Lipowa 37/96,474925806,8257
415,Przychodnia Gasek,ul. Jeżynowa 230,310000594,4194
416,Przychodnia Marciniszyn,pl. Piwna 42/19,424254037,7288
417,Przychodnia Dzienniak,aleja Wybickiego 60/21,14855542,7530
418,Przychodnia Bojarczuk,plac Pocztowa 31,850906247,2019
419,Przychodnia Gorzelańczyk,aleja Waryńskiego 80,342712825,282
420,Przychodnia Pokusa,ul. Orla 106,104459181,8605
421,Przychodnia Megger,plac Chopina 48,414603269,325
422,Przychodnia Ziajka,ulica Lotnicza 110,563637271,1147
423,Przychodnia Worach,plac Wyzwolenia 25,719945372,7651
424,Przychodnia Matla,al. Batalionów Chłopskich 790,69394371,5157
425,Przychodnia Stempel,al. Stroma 20/70,800902539,4711
426,Przychodnia Kostorz,aleja Miłosza 688,39121483,2666
427,Przychodnia Chlebek,plac Krasińskiego 153,228140824,2159
428,Przychodnia Nawrotek,ulica Słowianska 33/40,778377698,2491
429,Przychodnia Wojtalewicz,aleja Maja 39/57,344139443,8555
430,Przychodnia Berek,ulica Malczewskiego 10/84,463572158,6274
431,Przychodnia Korta,pl. Kolejowa 65/39,414151471,8355
432,Przychodnia Ciastek,plac Zielna 53,858668866,5917
433,Przychodnia Pociask,pl. Błękitna 62,415769134,3348
434,Przychodnia Szajner,ulica Stroma 87/08,208218932,9920
435,Przychodnia Piotrak,aleja Grabowa 872,662222869,8590
436,Przychodnia Tytko,al. Prusa 98,889551703,4270
437,Przychodnia Szara,al. Batalionów Chłopskich 11/91,745896450,9563
438,Przychodnia Fik,pl. Skargi 02,57689722,1821
439,Przychodnia Palej,aleja Perłowa 52,102727408,9020
440,Przychodnia Zbrożek,al. Reymonta 00,208980930,8994
441,Przychodnia Kanarek,al. Jaśminowa 12/53,530382851,7493
442,Przychodnia Lemieszek,pl. Rózana 74,815237775,4454
443,Przychodnia Lenda,plac Przechodnia 84,761827263,1118
444,Przychodnia Pesta,plac Makuszyńskiego 58,874594046,5926
445,Przychodnia Chwedoruk,plac Wrzosowa 02,891772981,3857
446,Przychodnia Galos,pl. Poprzeczna 901,445329843,5289
447,Przychodnia Zbrzeźniak,pl. Bolesława Chrobrego 61/51,370975341,9407
448,Przychodnia Anioła,al. Torowa 577,329405988,9290
449,Przychodnia Zdancewicz,aleja Widok 48/18,703643756,4867
450,Przychodnia Smykała,aleja Lwowska 14/32,537611593,3355
451,Przychodnia Kusik,pl. Wschodnia 32,370479137,511
452,Przychodnia Dąbal,ulica Srebrna 785,571373126,4424
453,Przychodnia Tomzik,plac Porzeczkowa 20/05,372662083,321
454,Przychodnia Żymełka,pl. Mała 071,584205130,6701
455,Przychodnia Świtaj,plac Głowackiego 61,961190571,7876
456,Przychodnia Herba,ulica Młynarska 05,333970142,5791
457,Przychodnia Sykała,plac Czarnieckiego 61/17,608628903,7203
458,Przychodnia Pierz,ulica Rataja 664,459826809,596
459,Przychodnia Wenzel,plac Sowia 85/85,951238827,8156
460,Przychodnia Gieroń,al. Pocztowa 60/08,758874667,9277
461,Przychodnia Skałka,plac Malczewskiego 427,412651345,8421
462,Przychodnia Buksa,al. Środkowa 10/01,742178081,7324
463,Przychodnia Wojtalik,al. Przechodnia 046,104706663,1914
464,Przychodnia Huber,plac Łanowa 868,81717332,181
465,Przychodnia Mytnik,ul. Wałowa 625,563836770,3428
466,Przychodnia Elert,plac Lisia 18/42,104960784,8636
467,Przychodnia Gustaw,ul. Boczna 928,969377365,8107
468,Przychodnia Duniec,ulica Widokowa 22/10,586439459,7523
469,Przychodnia Szczerek,plac Skargi 457,242570458,9492
470,Przychodnia Preuss,al. Sportowa 228,32842238,4522
471,Przychodnia Rajtar,ulica Hutnicza 69/73,139484688,2719
472,Przychodnia Kózka,ul. Jałowcowa 310,233710934,9955
473,Przychodnia Chmara,ulica Miłosza 88/36,475320684,8304
474,Przychodnia Zaucha,aleja Kaszubska 184,51378561,2405
475,Przychodnia Obiała,al. Tuwima 41,912417419,3847
476,Przychodnia Cieciura,ulica Korfantego 666,460649654,3765
477,Przychodnia Albin,plac Stolarska 28,402929069,5686
478,Przychodnia Walo,plac Kruczkowskiego 51,499868153,9892
479,Przychodnia Smyl,pl. Olchowa 58/14,312664499,4264
480,Przychodnia Hirsch,pl. Powstańców Wielkopolskich 590,57182767,596
481,Przychodnia Kościesza,aleja Zdrojowa 581,941595866,5487
482,Przychodnia Czulak,ul. Malczewskiego 46/60,875316335,2768
483,Przychodnia Koźlak,pl. Towarowa 10,393634874,4590
484,Przychodnia Łyczak,ulica Zielona 61/04,87541341,6461
485,Przychodnia Pietrusiewicz,pl. Krasińskiego 36/52,60062016,603
486,Przychodnia Bryzek,al. Lwowska 56/94,834322744,8027
487,Przychodnia Dytko,al. Łanowa 93/79,555124246,3120
488,Przychodnia Klemens,plac Stycznia 41/80,665599283,1246
489,Przychodnia Ornat,ul. Dolna 38,732042112,5886
490,Przychodnia Żółtek,pl. Orkana 97/11,844602148,8290
491,Przychodnia Boguta,aleja Opolska 30/44,566664188,122
492,Przychodnia Stupak,pl. Długosza 494,109985297,6746
493,Przychodnia Ekert,aleja Narcyzowa 09/15,796092200,8287
494,Przychodnia Dębosz,pl. Nałkowskiej 410,359690103,8784
495,Przychodnia Drej,al. Rycerska 14/83,564066791,9554
496,Przychodnia Sydor,aleja Długa 53/32,209174015,4716
497,Przychodnia Stochmal,pl. Piaskowa 71/58,571310062,3871
498,Przychodnia Brząkała,ulica Ciasna 65,119843987,4285
499,Przychodnia Linek,al. Ogrodowa 71,43061825,7488
500,Przychodnia Gmurczyk,ul. Sawickiej 70/05,693071691,5937
